{"LG": {"0": [61.37155049308679, 3.487688995386355], "1": [59.69486254829212, 3.5013162623794445], "2": [59.83854762524078, 3.318888744800361], "3": [58.70016943315631, 2.669043442222372], "4": [59.511167605531675, 2.81100680018955], "5": [59.67394250582961, 3.3344328868587683], "6": [60.47937936789761, 3.375637732460328], "7": [59.210682309119626, 3.0685392603065123], "8": [59.20839764816168, 3.1563840600310202], "9": [59.196723467748924, 2.6697544372476325], "10": [60.22414725404387, 3.542391098178153], "11": [60.2858409920343, 3.1841690891375474], "12": [59.359122700059274, 3.246520053677234], "13": [58.836585436834156, 2.996854807607531], "14": [58.765412872293126, 2.997454664667083], "15": [59.54694988098225, 3.338178430245547], "16": [58.540309966871334, 2.8587521869635846], "17": [59.304230517530634, 3.2532807368361034], "18": [59.248519547708256, 2.9115085352757255], "19": [59.97525027986029, 3.515218063484388], "20": [59.94601893626917, 3.2704713291991463], "21": [60.50078271613719, 3.5186582546021636], "22": [59.607760148839645, 2.8482078461881226], "23": [59.32853666685057, 3.2096027843877137], "24": [58.889225365576976, 3.380653046292356], "25": [58.02590524154526, 2.192831060977099], "26": [60.26512480585896, 3.2363631348759974], "27": [59.22712628739792, 2.834739361316889], "28": [58.34988055674926, 2.844671485335256], "29": [58.842985308940136, 3.022897650594288], "30": [59.40697381871861, 3.5056889803563562], "31": [58.08552372190748, 2.9057646864625473], "32": [64.25901232743244, 3.225091504999509], "33": [61.72399099869484, 3.514655610404163], "34": [62.6426825046793, 3.4081377419261942], "35": [61.846793427026846, 3.2271488353577977], "36": [61.948722943626265, 3.4329354622130284], "37": [61.501624771182776, 3.0323970097760835], "38": [62.14386931950117, 3.3092473940236933], "39": [61.492025944512456, 3.269405387991303]}, "HG": {"0": [64.09201088379321, 10.37215394829109], "1": [64.3962839470287, 19.225896129371446], "2": [61.77947673343399, 8.589858378191126], "3": [61.154412028924654, 9.768719818466542], "4": [59.622500787015355, 6.210845195107984], "5": [62.324713626977015, 9.54899681062884], "6": [59.22873041723934, 6.157568744320714], "7": [59.76768729929296, 5.620032717813993], "8": [61.315542042060834, 9.000903356106496], "9": [62.32812935395734, 9.868394041550971], "10": [61.903966232273135, 9.404551718708175], "11": [61.02677523156864, 9.864164346780573], "12": [60.60117463595913, 7.336498141736182], "13": [62.423974345427744, 8.260816942107564], "14": [60.66747018004391, 7.122029786109494], "15": [60.823529647805806, 7.607818737336198], "16": [60.41430648251063, 9.495143974683097], "17": [59.89697591714381, 9.471460411767406], "18": [60.329030924540966, 8.020638152020354], "19": [60.70804676738606, 8.624728155842856], "20": [59.44542097371088, 8.32109824821917], "21": [59.78853715043603, 7.73227168902834], "22": [60.29409148483194, 8.464433058993095], "23": [60.270172108993975, 8.46067911293252], "24": [61.000503969177885, 9.051186675922805], "25": [60.17906933401509, 8.424955037861242], "26": [60.408353096884625, 8.71630553375599], "27": [59.7026285473882, 8.736847540812649], "28": [60.258136245951775, 8.578294814307972], "29": [60.29348750636207, 8.210506214396718], "30": [59.7720489965428, 8.431478537691905], "31": [59.05573728719475, 7.691370400556659], "32": [64.73307203904565, 6.762408551628618], "33": [62.39979618387406, 7.859901963959579], "34": [62.67047297199044, 7.378011533631438], "35": [61.916271621648356, 10.961054858998624], "36": [61.941532443463984, 7.125662323598974], "37": [62.69502050012926, 7.470414410092799], "38": [61.81861801971182, 6.608874015103855], "39": [62.33611834349404, 7.572366266478707]}}